sep=,
DeviceTag:,DOT10
FirmwareVersion:,3.0.0
AppVersion:,2023.6.0
SyncStatus:,Synced
OutputRate:,60Hz
FilterProfile:,Dynamic
Measurement Mode:,Custom modes - custom mode1
StartTime: ,2026-06-02_18:10:37_899 GMT+2
© Movella Technologies B. V. 2005-2026

PacketCounter,SampleTimeFine,Euler_X,Euler_Y,Euler_Z,FreeAcc_X,FreeAcc_Y,FreeAcc_Z,Gyr_X,Gyr_Y,Gyr_Z
1,1503121902,159.376877,77.479004,-46.039883,0.090782,0.338469,-0.311520,-6.638467,-3.211731,0.559772
2,1503138569,159.254379,77.510132,-46.102013,0.098835,0.349077,-0.406544,-2.280978,-3.041956,-0.113977
3,1503155236,159.189468,77.542076,-46.174316,0.124750,0.308444,-0.462646,1.761315,-3.141462,-0.016008
4,1503171903,159.159744,77.562706,-46.253590,0.082028,0.185265,-0.427947,4.282219,-2.535990,0.308089
5,1503188570,159.144669,77.568207,-46.327801,-0.060524,0.006873,-0.366111,4.865113,-1.661048,0.569402
6,1503205237,159.121674,77.557487,-46.397041,-0.054387,-0.140242,-0.306478,4.103621,-0.729027,0.856585
7,1503221904,159.118317,77.509857,-46.435055,0.103555,-0.318712,-0.308600,3.452163,1.483225,1.270640
8,1503238571,159.095276,77.444588,-46.469601,0.172590,-0.387683,-0.336095,2.067925,2.485975,1.608151
9,1503255238,159.006760,77.392830,-46.546295,0.244594,-0.357447,-0.315762,0.602123,1.526203,1.834708
10,1503271905,158.896103,77.359215,-46.651428,0.320376,-0.224357,-0.276022,0.943725,0.373805,1.802404
11,1503288572,158.775894,77.327370,-46.804726,0.297054,-0.082461,-0.226380,3.191016,0.041819,2.360512
12,1503305239,158.600952,77.309425,-47.041550,0.210394,0.017842,-0.172158,4.793372,-1.148128,3.087272
13,1503321906,158.353745,77.310387,-47.371544,0.189472,0.011892,-0.194844,5.903824,-2.664182,3.815275
14,1503338573,158.057526,77.298698,-47.763939,0.165550,-0.055013,-0.281022,6.615678,-2.286958,4.854126
15,1503355240,157.746902,77.285149,-48.179909,-0.008160,-0.161509,-0.302180,7.133721,-2.328771,5.183697
16,1503371907,157.427414,77.291603,-48.604889,-0.090900,-0.300667,-0.262381,7.134797,-3.509927,4.833111
17,1503388574,157.144958,77.304268,-48.974968,-0.166803,-0.361816,-0.281154,6.144250,-3.601799,4.002145
18,1503405241,156.931992,77.309959,-49.235817,-0.165763,-0.319155,-0.332355,3.915420,-2.671635,2.823653
19,1503421908,156.714844,77.326630,-49.450455,-0.054147,-0.183260,-0.329735,0.959509,-3.049179,1.994698
20,1503438575,156.490265,77.340630,-49.652874,0.067327,-0.077169,-0.281675,-0.202737,-2.844969,1.898548
21,1503455242,156.285599,77.339241,-49.856503,0.088255,-0.036136,-0.216455,1.069529,-2.012146,2.277500
22,1503471909,156.068954,77.323318,-50.101295,0.052567,-0.058287,-0.163547,2.758738,-1.441905,3.123411
23,1503488576,155.834641,77.288269,-50.395081,-0.138482,-0.069695,-0.090614,4.557594,-0.678314,4.181356
24,1503505243,155.470108,77.246109,-50.828861,-0.497330,-0.194087,0.043320,4.940300,-1.077872,6.059024
25,1503521910,154.781326,77.252792,-51.568714,-0.927137,-0.394945,0.277862,3.397699,-5.498678,8.509932
26,1503538577,153.645065,77.316513,-52.703995,-1.292286,-0.691821,0.451243,-0.298414,-10.976191,11.626683
27,1503555244,151.995422,77.490349,-54.309315,-1.400023,-0.910789,0.587463,-3.554960,-19.884548,13.706925
28,1503571911,149.934387,77.823334,-56.346916,-1.155883,-0.942478,0.590624,-2.799300,-31.156076,12.939337
29,1503588578,147.502960,78.275215,-58.829227,-1.216017,-0.630039,0.313416,1.257944,-40.185173,12.064009
30,1503605245,144.576630,78.767555,-61.873569,-1.554243,-0.225164,-0.376364,4.856789,-45.806389,13.428889
31,1503621912,141.462173,79.175713,-65.172997,-1.818723,-0.094355,-1.021053,8.879960,-43.335510,15.303995
32,1503638579,138.592529,79.440651,-68.425491,-1.455307,-0.413143,-1.097276,21.009514,-36.437634,17.309797
33,1503655246,135.604034,79.632996,-72.141060,-1.221318,-0.670501,-0.618891,41.355850,-37.004112,21.578283
34,1503671913,131.482819,79.772087,-77.192390,-1.143028,-0.745019,-0.120188,52.360390,-46.003147,31.043114
35,1503688580,126.671021,79.698784,-82.968987,-0.602444,-0.768188,-0.240541,53.768902,-46.156902,42.097275
36,1503705247,122.385818,79.326485,-88.254967,0.409333,-0.962178,-0.366217,56.184444,-35.895653,50.866821
37,1503721914,118.147575,78.753319,-93.844078,1.467369,-1.494817,-0.298082,76.365211,-38.738483,61.557163
38,1503738581,113.166458,77.987305,-100.230026,2.088738,-1.564453,-1.162290,77.868843,-50.727818,74.564865
39,1503755248,106.238853,77.108803,-108.345963,1.888092,-2.284665,-1.530674,61.297787,-82.062965,84.634186
40,1503771915,98.869026,76.025070,-116.975311,0.314026,-2.269142,-1.288853,62.891617,-104.228249,89.184189
41,1503788582,94.343330,74.694115,-122.751625,-1.644097,-0.733652,-1.292607,65.225464,-78.832314,89.064598
42,1503805249,93.512100,73.354515,-124.342583,-1.879746,1.524338,-2.496745,43.314724,-21.729313,81.739975
43,1503821916,93.732002,72.035576,-124.531792,1.078481,2.084131,-3.443812,25.447889,0.610500,78.954491
44,1503838583,94.538895,70.613724,-124.113571,2.987860,1.776960,-3.040528,26.049429,13.147924,84.273590
45,1503855250,95.726715,69.112892,-123.287865,2.272939,1.127840,-1.019011,26.164639,24.021990,87.934578
46,1503871917,97.224892,67.696098,-122.057678,1.909069,-0.265428,0.824262,22.664980,35.557426,81.174194
47,1503888584,99.091507,66.337364,-120.503021,1.382063,-1.281518,0.840447,27.523808,46.595612,75.302986
48,1503905251,100.872398,64.950912,-119.164902,1.402105,-0.663257,-0.390636,35.111904,45.998215,75.962860
49,1503921918,102.520851,63.604027,-118.207848,2.110227,1.476783,-0.358431,48.569710,39.759022,73.861412
50,1503938585,104.256790,62.501175,-117.179138,2.341958,3.186217,0.953359,50.531296,41.500645,57.677185
51,1503955252,106.063698,61.848690,-116.105087,2.014758,2.688119,2.388090,52.826504,38.237961,29.715374
52,1503971919,107.555008,61.716373,-115.250305,1.345627,1.125089,2.454587,45.690773,24.476078,0.389477
53,1503988586,108.668129,62.003788,-114.593323,0.474331,-0.074234,2.185329,33.427319,11.277281,-22.364887
54,1504005253,109.590881,62.537945,-113.873978,0.230233,-0.210483,2.004216,18.566730,7.436021,-37.052044
55,1504021920,110.599487,63.237286,-112.837639,0.658588,0.560908,1.437439,6.572938,11.162135,-49.331959
56,1504038587,111.806992,64.077805,-111.396942,1.285376,1.314158,0.507839,-3.615782,16.486748,-61.078434
57,1504055254,113.290657,65.030235,-109.480042,1.706349,1.294004,-0.329707,-13.437983,22.691446,-71.907501
58,1504071921,115.243324,66.033600,-106.946892,1.644179,0.903475,-0.596830,-19.779949,31.613148,-80.925186
59,1504088588,117.690102,67.028786,-103.823540,1.391422,0.640844,-0.601412,-23.693304,39.164894,-86.871193
60,1504105255,120.551147,67.994392,-100.223366,1.258641,0.477650,-0.652964,-26.533283,42.950390,-90.973557
61,1504121922,123.722229,68.951736,-96.308144,1.318508,0.512965,-0.905720,-26.876945,41.402672,-94.637558
62,1504138589,127.358742,69.892891,-91.919235,1.610204,0.495003,-1.074027,-26.953907,41.457447,-99.880760
63,1504155256,131.857605,70.737625,-86.652115,1.746112,0.369345,-1.122873,-26.248163,48.665920,-107.028259
64,1504171923,137.379959,71.428444,-80.324661,1.975746,0.102978,-0.931111,-26.434752,57.454315,-116.042549
65,1504188590,143.785736,71.705460,-73.154747,2.256080,-0.541094,-0.999091,-22.422155,72.456718,-115.730865
66,1504205257,150.651779,71.367393,-65.568748,1.650758,-0.380824,-1.708952,-18.426521,93.958412,-110.327423
67,1504221924,157.244431,70.797958,-58.216408,0.592574,-0.660756,-2.588660,-20.402727,92.353592,-113.603645
68,1504238591,163.182571,69.691292,-51.250038,0.162561,-1.562963,-3.107069,-35.747581,109.110466,-110.604065
69,1504255258,168.688843,68.135544,-44.484737,-1.206250,-2.532263,-3.037578,-47.032394,124.810287,-119.126106
70,1504271925,173.737228,66.649254,-38.165131,-1.271871,-3.128163,-2.030234,-45.788898,109.203461,-130.569305
71,1504288592,178.355591,65.486710,-32.378407,1.054434,-3.179731,0.020577,-38.880779,78.152115,-135.842972
72,1504305259,-177.801224,64.361336,-27.375652,0.926379,-2.058486,1.032185,-39.888214,65.782524,-127.701019
73,1504321926,-175.215912,63.227894,-23.375963,-1.238063,-1.649461,0.248727,-58.783443,60.323345,-110.095901
74,1504338593,-173.958817,61.969643,-20.256407,-1.870013,-2.492921,-1.454968,-89.318222,65.946198,-93.069870
75,1504355260,-173.579956,60.272041,-17.776079,-2.113773,-2.119829,-2.798424,-106.143562,92.374557,-82.709007
76,1504371927,-173.668564,58.351234,-15.601534,-2.292855,-0.418557,-2.307408,-116.075035,106.071266,-79.188362
77,1504388594,-173.949417,56.693760,-13.610612,-0.922760,0.844211,0.294303,-116.173584,90.890083,-74.710007
78,1504405261,-173.944382,55.124714,-12.036458,0.196120,1.500081,3.170557,-76.464462,86.983727,-62.784615
79,1504421928,-173.596802,54.122559,-10.783442,-2.165975,2.743167,2.409667,-38.993122,54.005047,-50.004395
80,1504438595,-173.459991,53.535038,-9.962258,-3.279091,1.755354,1.765229,-30.116610,30.710743,-33.075943
81,1504455262,-173.688782,53.114788,-9.716000,-3.056885,0.855690,1.755859,-24.127321,23.039845,-11.799770
82,1504471929,-174.181808,52.860752,-10.008523,-2.891938,0.983657,2.113302,-14.116710,15.248260,8.689438
83,1504488596,-174.778809,52.912849,-10.703269,-3.323532,1.320100,2.441408,-1.129228,-1.708115,25.128054
84,1504505263,-175.360275,53.295944,-11.644148,-3.248898,0.927212,2.486491,11.707980,-20.997747,35.534580
85,1504521930,-175.704941,53.937111,-12.736895,-3.386746,0.183844,2.151739,33.550282,-36.327747,41.564468
86,1504538597,-176.262848,54.846138,-14.227609,-3.738024,-0.076294,1.309020,40.692406,-51.754837,55.560902
87,1504555264,-177.220734,56.013138,-15.941440,-3.694193,-0.996383,0.837879,28.649805,-67.575470,62.021992
88,1504571931,-178.541428,57.375801,-17.962687,-3.354227,-1.195466,1.288671,23.570906,-80.219475,69.355972
89,1504588598,179.893463,58.885891,-20.124125,-2.913605,-0.440659,1.164603,17.690481,-90.758438,69.318092
90,1504605265,178.343445,60.524014,-22.274538,-2.390548,0.085201,0.160436,19.863462,-100.241089,63.346092
91,1504621932,176.674805,62.148205,-24.566555,-1.942189,0.145686,-0.908010,22.012363,-101.181717,61.445583
92,1504638599,174.731918,63.690811,-27.185938,-1.617258,0.414530,-1.411707,24.823065,-98.608292,64.187187
93,1504655266,172.442902,65.105064,-30.235415,-1.225951,1.211605,-1.273808,29.129456,-94.093742,68.866257
94,1504671933,169.769775,66.375000,-33.741444,-0.798125,1.786045,-0.970728,32.858757,-89.577591,73.384911
95,1504688600,166.751755,67.558075,-37.701069,-0.373565,1.550901,-0.737520,39.021793,-89.339890,76.343002
96,1504705267,162.980362,68.697449,-42.500191,-0.141040,0.934770,-0.268952,42.406364,-94.902458,85.473824
97,1504721934,158.640991,69.726524,-48.009472,-0.202889,0.353095,-0.123172,50.158066,-97.765556,90.273254
98,1504738601,153.808868,70.615311,-54.137005,-0.223494,-0.126618,-0.227259,57.405529,-99.963051,92.394188
99,1504755268,148.419281,71.401779,-60.850941,-0.205485,-0.534946,-0.558038,59.022499,-105.511673,91.750610
100,1504771935,142.259766,72.138939,-68.300285,-0.194432,-0.596577,-1.194574,56.452175,-116.747208,89.609955
101,1504788602,135.165009,72.766647,-76.645851,-0.144298,-0.166006,-1.836024,53.259777,-128.735031,88.336403
102,1504805269,127.458420,73.138184,-85.530731,0.500532,0.135908,-2.221695,48.796204,-132.930466,86.158844
103,1504821936,119.411873,73.071732,-94.673615,1.334514,0.122125,-2.314829,43.617100,-131.702057,90.845970
104,1504838603,114.233192,72.374573,-101.126747,1.673836,-0.298481,-2.677886,60.464279,-84.704109,88.911896
105,1504855270,109.389015,71.435402,-107.065262,1.662652,-0.736693,-2.361364,49.499271,-82.780609,93.123436
106,1504871937,106.872345,70.197876,-110.928558,1.295228,-1.308147,-2.082809,69.372787,-50.269669,94.002121
107,1504888604,105.932274,69.028191,-113.324059,2.054735,-1.413966,-2.273185,79.758034,-29.208921,81.228462
108,1504905271,105.313667,67.995949,-115.398453,2.398311,-2.422892,-1.317554,80.119194,-28.227734,71.688553
109,1504921938,105.397522,66.896919,-116.469933,1.893932,-0.882546,0.294918,65.819435,-7.321963,69.888222
110,1504938605,104.698273,65.888779,-117.925674,2.468081,0.616423,1.455653,39.503910,-19.085941,67.266083
111,1504955272,104.107018,65.056320,-119.242813,3.910929,1.923267,0.978725,37.841007,-20.365644,56.316719
112,1504971939,104.202293,64.465668,-119.997902,4.302758,2.021843,0.443046,48.113911,-11.080579,38.875870
113,1504988606,104.617043,64.087936,-120.469551,2.814236,1.386423,0.511394,51.789692,-7.275733,24.805498
114,1505005273,105.071350,63.855888,-120.708389,1.485906,0.373400,1.195169,41.542057,-3.530300,14.871612
115,1505021940,105.530136,63.822994,-120.731453,1.405409,0.129302,1.277201,30.173054,-1.089273,1.868216
116,1505038607,105.976738,64.075020,-120.646561,2.044348,0.290220,0.756997,23.632164,-2.976306,-15.350102
117,1505055274,106.496895,64.564941,-120.375778,2.584281,0.473552,0.389934,17.969368,-2.485391,-30.379971
118,1505071941,107.227280,65.210808,-119.780167,2.557606,0.201293,0.529503,12.868823,2.245333,-41.669327
119,1505088608,108.036865,65.979584,-118.982048,2.359460,-0.229479,0.491357,6.371262,3.854471,-50.130783
120,1505105275,108.979774,66.817741,-117.932808,2.005785,-0.553510,0.208079,0.285527,6.903218,-55.866093
121,1505121942,110.084084,67.695213,-116.626137,1.843117,-0.676552,-0.125093,-4.645487,9.926850,-59.925449
122,1505138609,111.454765,68.584373,-114.935707,1.829486,-0.768451,-0.508298,-10.489793,15.352560,-63.443047
123,1505155276,113.242996,69.448257,-112.692635,1.655891,-0.799271,-0.866346,-16.967113,23.822908,-66.428810
124,1505171943,115.339928,70.283630,-109.966469,1.367293,-1.092855,-1.247460,-26.358183,29.654222,-69.003998
125,1505188610,117.734428,71.055344,-106.737068,0.993445,-1.571071,-1.591961,-37.771320,35.645752,-70.234024
126,1505205277,120.456108,71.701088,-103.000824,0.674402,-1.649771,-1.804511,-47.750553,42.655449,-68.820465
127,1505221944,123.381348,72.190460,-98.904419,1.179750,-1.504824,-1.779329,-56.771206,48.071968,-65.350998
128,1505238611,126.628281,72.512177,-94.390717,2.344918,-1.419899,-1.675097,-61.862583,55.115471,-63.070065
129,1505255278,130.857147,72.531441,-88.933769,3.061317,-1.330789,-1.699574,-57.179020,74.886002,-62.603062
130,1505271945,136.087601,72.160385,-82.575821,2.551626,-0.764286,-1.921399,-48.317741,98.141655,-63.611153
131,1505288612,141.647934,71.380737,-75.835907,1.409692,-0.083721,-2.132036,-49.119762,117.270950,-64.697227
132,1505305279,147.053146,70.195297,-69.110703,0.403838,0.062280,-2.203136,-55.376320,133.974152,-66.642334
133,1505321946,152.063324,68.745010,-62.698563,-0.670235,-0.370694,-2.136439,-58.339462,142.162003,-72.436813
134,1505338613,156.561996,67.253601,-56.736908,-1.402426,-0.669982,-2.266149,-60.380642,137.523041,-82.165321
135,1505355280,160.594223,65.758301,-51.085060,-1.327483,-0.705734,-2.330945,-67.702301,131.708572,-93.270775
136,1505371947,164.056335,64.164459,-45.777786,-1.293119,-0.625106,-1.761426,-79.415390,130.860947,-99.567543
137,1505388614,166.758774,62.557949,-41.022812,-1.436631,-0.745724,-0.347377,-91.483330,124.358597,-99.703400
138,1505405281,168.784424,61.073544,-36.946152,-1.626444,-0.766825,1.174573,-92.651306,110.393532,-94.239685
139,1505421948,170.452560,59.812077,-33.491291,-1.596131,0.345288,1.742519,-78.810608,91.781601,-87.147324
140,1505438615,171.907135,58.795074,-30.535410,-1.693771,1.825801,1.964643,-63.801022,73.101311,-80.313927
141,1505455282,173.243439,57.965588,-28.067049,-2.331368,2.514825,2.700576,-44.507618,58.319099,-70.768982
142,1505471949,174.476883,57.312897,-26.099432,-3.602966,2.373739,3.544216,-24.284109,44.642124,-58.842033
143,1505488616,175.415192,56.823055,-24.669127,-4.655167,1.662992,3.449174,-14.286629,32.344147,-44.080616
144,1505505283,175.861389,56.612686,-23.830948,-4.757460,0.565136,2.262872,-13.828797,13.655313,-26.757763
145,1505521950,176.052170,56.762215,-23.384306,-4.164993,-0.172628,1.055510,-9.512980,-8.931520,-15.518142
146,1505538617,176.265427,57.122070,-23.096275,-3.601729,-0.284482,0.643501,-0.248264,-21.922840,-11.058448
147,1505555284,176.465714,57.604977,-22.908691,-3.903765,-0.422853,0.729887,3.983114,-29.535286,-8.101361
148,1505571951,176.608688,58.288727,-22.785927,-4.210148,-0.780547,1.136106,3.779773,-41.712948,-6.589690
149,1505588618,176.653564,59.254189,-22.888611,-3.739518,-0.960026,1.966294,9.405057,-59.005711,-0.429313
150,1505605285,176.838730,60.236694,-23.072121,-3.515198,-0.533666,1.667018,22.067059,-60.155846,1.976362
151,1505621952,176.932617,61.352215,-23.350077,-3.025779,-0.289907,1.194237,21.641411,-68.252235,4.272461
152,1505638619,176.745407,62.604347,-23.854542,-2.773309,-0.308343,0.726874,16.937366,-76.772690,9.834784
153,1505655286,176.178162,64.037666,-24.717968,-2.419159,-0.532915,0.286873,13.709463,-88.237473,17.687946
154,1505671953,175.256836,65.524612,-25.994543,-1.868896,-0.595917,-0.071514,15.471898,-92.362648,25.657661
155,1505688620,173.999771,66.944038,-27.749872,-1.163388,-0.454562,-0.287748,22.419994,-89.719872,34.055065
156,1505705287,172.362488,68.274940,-30.050390,-0.604891,-0.181066,-0.646087,30.843061,-86.480171,42.493374
157,1505721954,170.254883,69.559265,-32.965679,-0.194480,0.069228,-0.975722,38.213459,-86.622482,50.320141
158,1505738621,167.674347,70.724815,-36.492256,0.288521,0.045320,-1.170187,45.638496,-83.328758,56.926022
159,1505755288,164.568710,71.734451,-40.687988,0.511492,-0.065477,-1.247541,53.482517,-79.163734,63.872227
160,1505771955,160.764023,72.622459,-45.664677,0.662761,-0.088056,-1.272001,57.458160,-79.002815,71.119904
161,1505788622,156.075775,73.459198,-51.587273,0.582007,-0.037118,-1.408834,60.074883,-85.707458,77.672386
162,1505805289,150.297150,74.226624,-58.637016,0.610890,-0.107115,-1.594733,61.045139,-95.055542,84.023598
163,1505821956,143.497147,74.753044,-66.769592,0.479698,0.075458,-1.626614,63.676933,-98.580429,91.777367
164,1505838623,135.695724,74.968758,-75.953690,0.421808,0.581795,-1.548372,65.336708,-103.994339,100.880676
165,1505855290,127.167061,74.843727,-85.928040,0.931531,0.879772,-1.624493,67.616631,-112.738792,108.370384
166,1505871957,118.991417,74.294731,-95.754448,1.239187,1.324768,-2.238209,79.313484,-114.368401,112.794151
167,1505888624,112.659691,73.227203,-103.974701,1.500292,2.155368,-3.150787,95.132042,-97.209984,117.320946
168,1505905291,108.452621,71.763710,-110.126038,2.729753,2.243941,-3.928366,101.031334,-74.103279,120.840103
169,1505921958,106.336143,70.165817,-114.355713,3.828098,0.424156,-4.424157,114.359940,-51.322762,115.953804
170,1505938625,107.272537,68.284515,-115.702713,3.708031,-2.830113,-2.683115,133.165771,4.188489,116.128639
171,1505955292,108.177216,66.514572,-117.057274,1.851752,-4.247582,0.553960,130.730774,1.568511,110.450325
172,1505971959,108.492943,65.160400,-118.724960,-0.428595,-3.346644,2.329779,111.649475,-14.339932,89.785629
173,1505988626,108.489151,64.325089,-120.005936,-1.419663,-1.374012,3.112423,70.704178,-16.230799,57.711296
174,1506005293,108.388863,63.980160,-120.783989,0.116758,0.931856,3.036674,37.405628,-13.784135,25.842915
175,1506021960,108.360130,63.958431,-121.169937,3.494945,2.523438,1.997904,20.500717,-10.255268,4.220475
176,1506038627,108.539886,64.231865,-121.306618,5.417787,3.183841,1.032715,19.578234,-9.614172,-14.640473
177,1506055294,109.285873,64.813698,-120.938538,4.940662,2.791196,0.509842,26.233345,-3.353546,-36.304745
178,1506071961,110.506790,65.602394,-120.133026,3.937831,1.888846,0.688907,30.786592,1.924633,-51.583500
179,1506088628,111.871109,66.480339,-119.210411,3.282496,1.188156,0.877923,32.678139,0.889126,-57.419003
180,1506105295,113.180084,67.388031,-118.259697,2.639207,0.660647,0.533639,27.459188,-1.250559,-59.042957
181,1506121962,114.495377,68.395264,-117.125793,1.749891,0.093123,0.089839,17.290218,-2.035205,-65.793182
182,1506138629,116.145630,69.499084,-115.401962,1.046949,-0.392830,-0.257545,3.886031,4.227174,-75.919136
183,1506155296,118.422928,70.694511,-112.840027,1.181134,-0.740398,-0.477932,-6.497982,12.597080,-87.881226
184,1506171963,121.338173,71.959854,-109.490211,1.546573,-0.868972,-0.797708,-14.099139,16.941076,-98.020386
185,1506188630,124.692635,73.231758,-105.668900,1.652548,-0.817536,-1.188569,-16.133104,14.895048,-101.485130
186,1506205297,128.773880,74.395859,-101.110153,1.559978,-1.316363,-1.411905,-16.426302,18.304264,-101.690918
187,1506221964,133.460785,75.430367,-95.955765,1.333471,-1.850950,-1.568350,-16.009087,18.797125,-99.799294
188,1506238631,140.241287,76.090744,-88.786964,0.919145,-1.888785,-2.017044,-8.711937,42.405247,-104.353760
189,1506255298,147.323181,76.498245,-81.086227,0.850686,-1.887117,-2.223001,-22.607422,43.896065,-102.840889
190,1506271965,154.901489,76.464470,-72.596199,0.939800,-1.869015,-2.141232,-39.227356,58.182564,-103.367531
191,1506288632,162.555679,75.946785,-63.721458,1.313708,-2.361802,-1.648709,-56.521038,73.805138,-107.144089
192,1506305299,169.637329,74.982735,-55.219097,1.705677,-2.782270,-1.259007,-67.565018,85.666710,-110.491989
193,1506321966,175.665695,73.502846,-47.677864,1.735162,-3.041278,-1.219038,-72.422119,102.504776,-110.636536
194,1506338633,-179.679657,71.468330,-41.542271,1.009166,-2.469121,-1.960436,-70.441910,124.619003,-106.595222
195,1506355300,-176.412979,69.200302,-36.803249,-0.600196,-0.831087,-3.419767,-70.388344,131.540161,-100.441727
196,1506371967,-174.500977,66.919220,-33.004791,-1.165250,0.491114,-4.375106,-95.285034,128.533981,-95.909309
197,1506388634,-173.806885,64.415070,-29.984247,-0.988116,0.385620,-3.466559,-122.073921,140.733414,-89.782722
198,1506405301,-173.931702,61.750259,-27.853189,0.159187,-0.994695,-0.593098,-120.068771,151.691299,-74.829575
199,1506421968,-174.479767,59.303146,-26.504158,-1.143640,-1.419354,2.160095,-101.912979,140.968536,-54.649246
200,1506438635,-175.697510,57.339233,-26.119518,-2.279298,-0.485481,2.895088,-91.253616,115.287109,-22.370695
201,1506455302,-176.971085,55.828941,-25.967134,-2.606552,0.669271,2.727399,-82.594498,89.037895,-11.027587
202,1506471969,-177.760483,54.677979,-25.847427,-2.823511,2.070893,2.972369,-51.812267,67.729752,-7.472890
203,1506488636,-178.189819,53.765156,-25.854443,-3.316135,2.886641,2.931977,-23.968920,53.682896,-1.899000
204,1506505303,-178.436935,52.970734,-25.999962,-4.232227,2.528050,2.943074,-6.371670,46.746788,3.596813
205,1506521970,-178.806900,52.317642,-26.506592,-4.297865,1.508598,2.076024,3.412293,38.577435,17.288960
206,1506538637,-179.434082,51.977509,-27.443001,-4.120460,1.099267,1.442352,8.178533,19.900084,33.952019
207,1506555304,179.812347,52.128105,-28.596649,-3.751401,1.022852,1.053761,10.819168,-9.919433,42.387554
208,1506571971,179.107712,52.801907,-29.769817,-3.884268,0.885947,1.019061,14.989499,-41.843739,42.293228
209,1506588638,178.546509,53.897461,-30.978334,-3.345155,0.780740,1.618722,25.954586,-67.611885,41.718899
210,1506605305,178.011383,55.052925,-32.409164,-2.370009,1.189042,1.715538,39.211281,-71.793564,47.566154
211,1506621972,177.933350,56.136074,-33.767136,-1.654932,1.342802,0.467112,63.991592,-67.573265,43.499439
212,1506638639,177.880188,56.999317,-35.691349,-1.077315,1.512136,-0.405931,94.606544,-55.074287,61.463390
213,1506655306,177.489227,57.867165,-37.877464,-0.845806,0.425387,-1.348076,88.532028,-55.867271,68.232185
214,1506671973,176.680832,58.637283,-40.464012,-1.356456,-1.146992,-0.482446,84.916550,-51.285069,78.991661
215,1506688640,175.280411,59.357677,-43.387154,-2.260427,-1.566835,0.511043,67.761726,-50.431763,86.867264
216,1506705307,173.513916,60.303146,-46.320396,-2.434752,-1.777984,1.136837,47.622040,-66.070076,82.261421
217,1506721974,171.547867,61.569103,-49.240726,-1.993636,-1.795261,1.080447,36.655937,-87.347588,74.295296
218,1506738641,169.454788,63.116589,-52.151718,-1.479216,-1.757430,0.163236,30.588135,-105.921432,64.410736
219,1506755308,167.159851,64.782555,-55.131908,-1.134967,-1.774291,-0.940154,24.425926,-114.759689,56.408119
220,1506771975,164.365067,66.497292,-58.386642,-1.053762,-1.751358,-1.510066,11.691513,-120.489182,52.537464
221,1506788642,160.800522,68.237808,-62.181511,-0.687236,-1.288747,-1.524437,-2.227889,-126.812569,52.106453
222,1506805309,156.429642,69.896332,-66.669327,-0.240596,-0.559740,-1.361972,-9.263071,-128.664352,53.056652
223,1506821976,151.207230,71.304367,-71.949265,0.240076,-0.108603,-1.162034,-13.036565,-123.146988,56.919338
224,1506838643,144.979065,72.309532,-78.124664,0.669077,0.040477,-0.909879,-20.195665,-113.244164,66.083717
225,1506855310,138.017090,72.914604,-84.990929,0.952367,0.138908,-0.794111,-23.073097,-105.963943,73.488243
226,1506871977,130.832932,73.160278,-92.149910,0.985309,0.566848,-1.330044,-18.713030,-100.746117,76.910461
227,1506888644,123.967064,73.083984,-99.035286,1.215214,1.351476,-1.993823,-15.150123,-93.458237,76.193756
228,1506905311,117.435066,72.809067,-105.570419,2.278179,1.115689,-2.225472,-15.585500,-91.420151,72.597595
229,1506921978,111.361488,72.361404,-111.820503,3.410635,-0.168978,-2.170531,-5.132248,-92.090530,70.530296
230,1506938645,107.007797,71.767784,-116.979340,4.234961,-1.112905,-1.286600,34.707714,-79.316170,64.682877
231,1506955312,104.190720,71.171303,-121.120796,3.169527,-0.556805,-0.784758,68.005180,-67.449348,55.450191
232,1506971979,102.546509,70.635384,-124.176460,1.335235,0.677653,-1.016557,76.019859,-51.942940,44.917866
233,1506988646,101.986305,70.174660,-125.736557,1.145675,-0.048364,-1.223120,55.978149,-25.828775,33.453022
234,1507005313,102.266975,69.850876,-126.370659,2.363165,-0.894290,-0.203432,54.004593,-9.661804,21.504585
235,1507021980,103.392822,69.731827,-126.297440,3.174568,-0.152715,0.938413,64.843040,2.031047,6.412728
236,1507038647,104.865791,69.826340,-125.814888,2.912910,0.138093,1.626980,62.613937,7.281006,-8.156122
237,1507055314,106.488449,70.103531,-125.056664,2.285828,-0.471237,1.295113,56.022324,9.470219,-20.429235
238,1507071981,108.002602,70.514069,-124.244492,1.811965,-0.577026,0.778647,46.373814,7.332923,-28.593475
239,1507088648,109.227295,71.067665,-123.462662,1.578111,-0.271609,0.565566,30.588118,2.973947,-36.604290
240,1507105315,110.417076,71.787407,-122.445953,1.413358,-0.101389,0.548401,14.967559,2.582736,-47.407970
241,1507121982,111.863869,72.647491,-120.864159,1.172392,0.096832,0.356236,-2.161482,7.369805,-58.775993
242,1507138649,113.734543,73.564232,-118.498337,0.852189,0.069293,-0.049547,-22.178215,15.661525,-66.870903
243,1507155316,115.960136,74.459244,-115.392853,0.613654,-0.081181,-0.404533,-44.184097,22.952940,-70.469841
244,1507171983,118.384819,75.281898,-111.769630,0.617817,-0.497138,-0.660236,-62.975151,26.884270,-69.990501
245,1507188650,121.155525,75.990929,-107.626488,0.701201,-0.795536,-0.832941,-73.172424,31.352413,-67.712158
246,1507205317,124.358604,76.604401,-102.905579,0.884802,-0.584818,-1.053258,-81.601791,35.455177,-67.418449
247,1507221984,127.948952,77.141365,-97.643257,1.338825,-0.236280,-1.358174,-90.671021,37.831593,-68.480133
248,1507238651,132.322311,77.466469,-91.457413,1.611252,0.076916,-1.492140,-98.264145,48.722363,-67.642662
249,1507255318,137.552399,77.442955,-84.270462,1.665214,0.397820,-1.436400,-105.733833,66.192421,-65.327713
250,1507271985,143.342743,77.010017,-76.387482,1.550815,0.485576,-1.461363,-112.472084,85.461815,-64.271263
251,1507288652,149.052017,76.192123,-68.543236,1.293188,0.201549,-1.742114,-113.907486,100.255547,-63.522961
252,1507305319,154.405792,74.999733,-61.170792,1.496985,-0.378093,-2.117216,-105.849014,113.901939,-63.236706
253,1507321986,159.235825,73.458885,-54.472454,1.709172,-0.645654,-2.288013,-95.604294,126.754158,-64.237076
254,1507338653,163.343750,71.620369,-48.594887,1.694157,-0.366895,-2.134540,-88.562309,137.208527,-65.047264
255,1507355320,166.652466,69.630547,-43.647453,1.480500,-0.197204,-1.757868,-80.138901,139.626465,-64.426811
256,1507371987,169.240631,67.576851,-39.495419,1.703954,-0.288520,-1.334456,-75.274689,138.331482,-63.355881
257,1507388654,171.181107,65.454910,-36.058975,1.830462,-0.496141,-0.431893,-71.283829,138.299820,-59.528629
258,1507405321,172.551773,63.501232,-33.305862,0.382734,-1.094739,1.119726,-65.419090,124.997093,-54.079494
259,1507421988,173.413635,62.210697,-30.989296,-2.130580,-1.696929,1.901722,-70.542725,83.504753,-53.683350
260,1507438655,173.917023,61.503246,-28.579050,-2.547920,-2.081637,1.392722,-95.879295,48.627579,-63.323902
261,1507455322,174.006226,61.136265,-26.229836,-1.623871,-1.558768,0.031967,-116.863052,27.938604,-65.173431
262,1507471989,173.863800,60.749233,-24.179728,-1.360964,-0.781278,-1.206471,-114.618523,28.335146,-57.179737
263,1507488656,172.956009,60.012852,-23.201433,-3.545649,2.050999,-1.207290,-104.045082,46.157711,-23.978163
264,1507505323,171.402267,59.156857,-22.976780,-3.938227,4.860360,0.634458,-103.396217,50.758492,0.000186
265,1507521990,170.551895,58.378036,-22.800415,-2.807026,6.224666,3.619213,-58.622566,45.969353,1.687366
266,1507538657,170.867645,57.924088,-22.372828,-2.962322,4.930513,4.386479,-1.406807,28.032692,-9.175355
267,1507555324,171.739227,57.928768,-21.910210,-4.346884,2.051148,3.525516,30.212505,0.927478,-14.815611
268,1507571991,172.485870,58.398029,-21.748384,-5.004546,-0.291917,2.033800,37.984104,-28.201618,-9.139184
269,1507588658,172.741455,59.161781,-22.016296,-4.668922,-1.448352,0.659084,30.520130,-47.518646,2.168556
270,1507605325,172.413422,59.992313,-22.873894,-3.364969,-0.955404,0.296793,26.127806,-53.775909,19.191998
271,1507621992,171.683563,60.841686,-24.275486,-2.253846,0.301851,0.477304,30.788561,-57.200321,33.858021
272,1507638659,170.805267,61.818634,-26.030756,-1.702589,0.685638,0.757208,41.150841,-66.606117,40.803562
273,1507655326,169.969116,62.949574,-27.955906,-1.409081,-0.093350,0.827414,53.625778,-76.817902,41.249371
274,1507671993,169.120453,64.268326,-30.068548,-1.370254,-1.120288,0.377481,64.077057,-89.006279,40.837139
275,1507688660,167.953644,65.705017,-32.554615,-1.270682,-1.564961,-0.481998,66.616966,-97.978683,44.467846
276,1507705327,166.245743,67.131577,-35.525116,-1.000809,-1.473845,-1.111493,62.332581,-100.301208,50.176853
277,1507721994,163.917206,68.413734,-39.005486,-0.483850,-1.209429,-1.267962,55.053207,-95.621323,56.301231
278,1507738661,161.110260,69.477608,-42.870361,-0.119342,-1.425136,-1.062740,49.455467,-86.857803,60.050388
279,1507755328,157.981110,70.309814,-46.985748,-0.042069,-2.046160,-0.922741,45.586414,-77.396080,61.848927
280,1507771995,154.611176,70.938034,-51.312607,-0.250324,-2.337198,-0.935360,44.165279,-70.095711,63.468597
281,1507788662,150.688934,71.486664,-56.099369,-0.244055,-2.022781,-0.880101,38.030422,-72.687164,66.787155
282,1507805329,146.046829,72.001884,-61.506771,-0.074032,-1.646553,-1.111251,31.056427,-80.569923,70.069023
283,1507821996,140.853470,72.493088,-67.519058,-0.099658,-1.385593,-1.683012,33.429352,-90.113640,70.548264
284,1507838663,135.186737,72.946129,-74.040260,-0.053621,-1.268521,-2.282146,35.085011,-98.873962,67.956184
285,1507855330,129.659012,73.206749,-80.519951,-0.136694,-0.493669,-2.636185,41.747753,-95.032928,64.531235
286,1507871997,124.815521,73.114761,-86.255112,0.151312,0.591599,-2.636064,40.199486,-76.997681,64.431541
287,1507888664,120.794601,72.615906,-90.864510,0.981131,0.856321,-2.289173,24.486208,-53.267921,69.019669
288,1507905331,117.618683,71.770683,-94.248466,1.762371,0.311493,-1.523143,4.202391,-30.458126,74.290306
289,1507921998,114.373329,70.857018,-97.554199,1.748675,0.023994,-0.664908,-5.397384,-34.098602,76.852013
290,1507938665,111.490120,69.911942,-100.448250,2.218160,-0.116244,-0.358656,-7.991915,-32.603306,74.670456
291,1507955332,109.484299,68.884148,-102.434196,3.262789,-0.603308,-0.343170,-7.380882,-18.706657,72.189209
292,1507971999,108.842468,67.678871,-103.519188,4.506115,-1.501568,-0.470509,23.384651,-0.036268,75.966850
293,1507988666,108.689888,66.505959,-104.611702,2.971771,-0.745323,0.158580,52.645142,-2.549332,74.601433
294,1508005333,107.463112,65.601227,-106.942085,1.485631,0.945402,0.137036,55.594154,-38.142647,68.963318
295,1508022000,106.575401,64.883980,-108.882195,0.908774,2.159242,-0.322686,53.856411,-35.053967,55.178955
296,1508038667,106.647011,64.309349,-109.601784,1.691621,2.191792,-0.649384,44.709587,-8.929836,38.107250
297,1508055334,107.788727,63.767963,-109.216949,2.698296,1.413043,-0.084460,49.150833,18.232071,27.813667
298,1508072001,109.474876,63.350792,-108.328568,2.387277,0.902626,0.657140,54.841980,29.446138,15.918711
299,1508088668,111.123199,63.176750,-107.517685,1.653602,0.773647,1.374556,56.852421,23.107527,1.991599
300,1508105335,112.368179,63.313709,-106.964859,1.489651,0.542612,1.880019,46.481041,9.779761,-13.369163
301,1508122002,113.336655,63.709492,-106.376030,1.499811,0.213120,2.009265,27.886257,4.250598,-28.204399
302,1508138669,114.289299,64.296913,-105.389824,1.219357,0.168276,1.661553,5.373920,8.448476,-42.913837
303,1508155336,115.427628,65.054451,-103.817513,1.331327,0.114953,1.014352,-15.570354,16.456059,-58.394566
304,1508172003,117.033234,65.940987,-101.579987,1.831745,0.243093,0.182853,-24.434845,25.382711,-72.512062
305,1508188670,119.201347,66.885811,-98.716965,2.464370,0.573098,-0.396056,-25.948666,32.854374,-82.569565
306,1508205337,121.822067,67.835312,-95.486046,2.358237,1.085317,-0.602901,-20.286478,34.308075,-87.135300
307,1508222004,124.630913,68.765396,-92.128929,2.065418,1.300068,-0.775892,-17.231871,30.665522,-87.652031
308,1508238671,127.736328,69.571327,-88.456985,1.739578,0.992451,-1.084087,-18.206505,33.632694,-85.442970
309,1508255338,131.154312,70.222771,-84.424927,1.345072,0.491219,-1.416228,-20.717772,38.316387,-83.164909
310,1508272005,134.959991,70.691963,-79.943451,1.004125,0.003001,-1.593554,-23.668922,45.432793,-82.125404
311,1508288672,139.123764,70.950592,-75.017937,0.871069,-0.218415,-1.676984,-27.915413,53.726830,-81.776680
312,1508305339,143.585205,70.967773,-69.698471,0.919387,-0.184617,-1.960044,-32.630501,63.130791,-82.118965
313,1508322006,148.445190,70.635658,-63.927773,1.259949,-0.101891,-2.499837,-34.017693,79.047081,-83.430466
314,1508338673,153.641907,69.849030,-57.856033,1.563317,-0.103747,-3.113216,-29.690975,99.764275,-85.070786
315,1508355340,158.827774,68.571289,-51.878857,1.351249,-0.150286,-3.361983,-22.780046,120.269402,-85.781624
316,1508372007,163.538437,66.813110,-46.441380,0.461823,-0.054089,-3.027629,-17.849440,138.594162,-83.377296
317,1508388674,167.374191,64.703430,-41.857353,-0.651867,-0.203970,-1.877959,-19.292459,149.703674,-77.709061
318,1508405341,170.116913,62.521770,-38.223179,-1.635031,-0.911153,-0.372974,-29.399364,146.149811,-69.686699
319,1508422008,171.702423,60.601570,-35.422531,-2.336000,-2.272471,1.187722,-51.237103,125.296478,-61.005371
320,1508438675,172.276657,59.229408,-33.246330,-2.347597,-3.570646,2.348196,-77.107483,89.559631,-53.535297
321,1508455342,172.221191,58.482136,-31.495071,-1.547399,-4.222113,2.823496,-91.828049,50.679977,-48.004459
322,1508472009,171.917419,58.185905,-30.117382,-1.757710,-2.958718,2.233685,-87.141998,22.517136,-40.739246
323,1508488676,171.330688,58.485168,-29.217928,-2.568728,-0.693888,1.620886,-79.692177,-14.704412,-30.861574
324,1508505343,170.832886,59.205105,-28.748568,-3.300500,1.067169,2.161455,-52.526398,-41.479076,-21.315630
325,1508522010,170.404205,60.047897,-28.625528,-4.018126,2.165374,2.191836,-30.640957,-50.335262,-12.148746
326,1508538677,170.014923,60.772968,-28.750404,-4.382049,1.824965,1.985765,-15.391741,-44.543709,-3.972394
327,1508555344,169.662277,61.117340,-29.007366,-4.782277,1.155655,1.164467,-6.237383,-22.689823,3.503856
328,1508572011,168.995667,61.476540,-29.476334,-3.908329,0.266117,0.444945,-13.875365,-24.706013,9.065765
329,1508588678,168.274155,61.851837,-30.166616,-2.709523,-0.477243,0.147199,-5.396025,-26.962555,14.608707
330,1508605345,167.582657,62.376942,-31.107185,-1.918558,-0.903778,0.316073,9.836858,-37.336628,18.994570
331,1508622012,166.904083,63.183975,-32.291897,-2.107013,-0.944854,0.628674,23.946943,-55.409546,20.789261
332,1508638679,165.995819,64.426064,-33.841072,-2.647579,-0.615934,0.502773,30.362633,-83.058609,22.199053
333,1508655346,164.626358,66.020355,-35.810749,-2.809684,-0.366751,0.003545,26.597420,-106.073792,23.422855
334,1508672013,163.021835,67.651894,-38.033932,-2.424107,-0.274012,-0.485683,27.829830,-109.608932,22.888689
335,1508688680,161.271912,69.145569,-40.454380,-1.769363,-0.170643,-0.803130,31.493801,-102.666000,23.179140
336,1508705347,159.458298,70.418152,-43.061367,-1.195636,-0.289533,-0.953865,39.422871,-91.047607,25.019222
337,1508722014,157.459747,71.451012,-45.958050,-0.986142,-0.601901,-1.079879,45.812447,-79.454628,29.812513
338,1508738681,155.026474,72.284950,-49.285286,-0.978906,-0.930720,-0.918483,45.179157,-71.789673,36.460560
339,1508755348,151.934418,73.004799,-53.161091,-0.812431,-1.252855,-0.391593,37.899315,-70.574478,42.538425
340,1508772015,147.663300,73.781738,-58.096428,-0.680427,-1.237414,0.228296,28.960737,-83.804207,49.439445
341,1508788682,141.880951,74.586098,-64.383957,-0.079782,-1.452324,0.366092,17.514391,-99.632042,55.901154
342,1508805349,134.972687,75.199966,-71.732521,0.422802,-1.749567,-0.333716,12.665816,-104.691628,61.260616
343,1508822016,127.317581,75.585678,-79.960983,-0.140763,-1.319903,-1.177023,19.934244,-109.865616,64.211540
344,1508838683,119.183098,75.720108,-88.806435,-0.586664,-0.441363,-1.785924,27.605080,-115.282982,65.050346
345,1508855350,111.603981,75.489639,-97.096405,-0.559598,0.898856,-2.290637,28.511490,-106.699242,65.173027
346,1508872017,105.763184,74.919090,-103.552986,0.211913,2.068314,-2.859748,25.564243,-83.715225,63.789684
347,1508888684,101.978836,74.067238,-107.900230,1.438210,2.596524,-2.830297,25.716669,-56.435692,66.033432
348,1508905351,99.607635,73.075317,-110.983932,2.373042,2.353296,-2.320615,36.632610,-41.249779,67.984276
349,1508922018,97.982491,72.071526,-113.602951,2.462210,1.089175,-1.787861,53.850910,-38.296219,66.449661
350,1508938685,97.086037,71.161308,-115.730972,1.638703,-0.493907,-1.202950,68.803200,-33.761375,59.167572
351,1508955352,96.656441,70.296021,-117.140739,0.651886,-1.845689,-0.186744,55.495701,-22.512047,54.639427
352,1508972019,95.814163,69.448257,-118.507256,-0.132959,-2.311956,1.231683,27.861532,-23.532541,53.378292
353,1508988686,94.510712,68.722961,-119.875938,-0.190855,-1.661568,1.810100,-0.077966,-26.292152,45.724205
354,1509005353,93.141495,68.213356,-120.883377,0.490885,-0.518880,1.477658,-24.503347,-21.110664,31.735857
355,1509022020,92.203400,68.019424,-121.317482,1.780433,0.487888,0.284796,-30.696182,-10.170743,11.824722
356,1509038687,91.702515,68.121796,-121.369675,2.880383,1.165847,-0.557103,-25.737164,-2.394204,-6.351171
357,1509055354,91.652695,68.326210,-121.079582,2.946090,1.201716,-0.208560,-17.733343,5.073635,-12.690194
358,1509072021,91.671257,68.516747,-120.707588,2.202193,0.806670,0.641563,-18.231743,6.850264,-11.904690
359,1509088688,91.697807,68.742149,-120.250717,1.627547,0.343389,0.938128,-22.526941,8.562137,-14.048347
360,1509105355,91.931458,69.074310,-119.499969,1.721029,0.644546,0.452953,-26.591702,14.541186,-20.661694
361,1509122022,92.360695,69.573616,-118.473541,1.880134,0.904431,-0.010826,-30.453215,19.576153,-30.977562
362,1509138689,93.009483,70.175499,-117.192261,2.175785,1.031590,-0.210366,-31.850033,23.698048,-37.536983
363,1509155356,93.655907,70.844864,-115.867470,2.199046,0.827680,-0.035288,-34.740299,23.106197,-41.854683
364,1509172023,94.506653,71.549118,-114.324562,2.118072,0.498743,0.176691,-35.180496,25.717468,-44.483730
365,1509188690,95.425468,72.278107,-112.673141,2.230026,0.311725,0.073058,-37.651962,25.817850,-46.448055
366,1509205357,96.779732,73.026299,-110.594353,2.323941,0.464135,-0.293440,-36.390953,31.161940,-48.794518
367,1509222024,98.602402,73.755371,-108.099197,2.413638,0.932042,-0.727574,-32.704330,35.505810,-49.279015
368,1509238691,100.976196,74.447144,-105.175171,2.411986,1.508456,-1.110082,-24.899927,39.250000,-49.266003
369,1509255358,103.952728,75.068428,-101.782631,2.519282,1.923017,-1.277773,-16.406649,43.150177,-48.135506
370,1509272025,107.548042,75.605537,-97.912323,2.570757,1.838307,-1.239923,-7.535259,46.765461,-47.147476
371,1509288692,111.625008,76.050507,-93.655037,2.428669,1.334134,-1.027380,-1.649049,48.904346,-46.286186
372,1509305359,116.197693,76.390015,-88.957146,2.068405,0.703351,-0.853641,2.000174,52.045868,-45.998253
373,1509322026,121.267509,76.616104,-83.780685,1.583580,0.221607,-0.850975,3.564567,55.961330,-46.905369
374,1509338693,126.830673,76.696510,-78.053329,1.409767,-0.233591,-0.988779,0.813573,61.918159,-48.563702
375,1509355360,132.626328,76.593002,-71.976280,1.180906,-0.524844,-1.125874,-5.636880,67.635033,-49.219658
376,1509372027,138.508865,76.273720,-65.633812,0.958244,-0.559193,-1.281232,-15.594049,75.045692,-50.504856
377,1509388694,144.490768,75.691681,-58.993248,1.104487,-0.753608,-1.380383,-26.282045,86.250496,-53.969143
378,1509405361,150.548874,74.828575,-52.149410,1.505836,-0.737299,-1.499145,-32.257542,98.603165,-60.509815
379,1509422028,156.438278,73.685150,-45.434719,1.870427,-0.569280,-1.787269,-33.046715,108.964897,-67.393158
380,1509438695,161.887390,72.119057,-39.115776,2.016462,-0.426157,-2.269116,-34.084965,126.231102,-70.947662
381,1509455362,166.313278,70.070152,-33.746273,1.532577,-0.285347,-2.540130,-37.895386,145.599136,-66.911987
382,1509472029,169.646957,67.679550,-29.596371,-0.825001,-0.020375,-2.795634,-30.883680,157.790527,-58.099312
383,1509488696,172.169586,65.691330,-26.627239,-4.143536,0.411872,-3.251647,-10.854890,127.800323,-50.965900
384,1509505363,174.112640,64.186111,-24.032309,-5.365366,1.395968,-3.007311,-23.048658,96.435623,-54.886971
385,1509522030,175.464630,62.321468,-21.571157,-5.183833,1.856652,-0.546089,-49.335693,116.353065,-56.212849
386,1509538697,176.368393,59.865700,-19.816868,-1.013932,0.648437,4.256092,-36.507008,149.518494,-40.454849
387,1509555364,177.099670,57.722221,-19.039557,1.225259,-0.426967,6.890272,5.406209,128.715958,-16.991119
388,1509572031,177.784332,57.045647,-19.076826,-2.365143,-0.127868,5.212964,44.390762,39.440239,2.823867
389,1509588698,177.834030,57.536831,-19.586430,-6.748217,-0.160940,2.661803,30.138988,-31.133400,15.192626
390,1509605365,178.155502,58.660603,-19.759348,-6.556300,-2.131330,2.612385,29.522633,-68.615425,2.922230
391,1509622032,178.336975,59.473656,-20.001120,-5.188705,-2.010632,2.220571,24.772732,-50.013283,5.760495
392,1509638699,178.335663,60.067902,-20.466223,-3.531294,-1.424951,1.046270,25.476427,-37.062450,12.801665
393,1509655366,178.045914,60.759457,-21.259977,-2.490315,-0.812223,0.265181,25.476034,-43.220951,21.981133
394,1509672033,177.665405,61.617714,-22.283455,-2.084503,-0.407895,0.138498,32.417576,-53.570236,27.429699
395,1509688700,177.236115,62.652760,-23.513855,-2.251941,-0.180238,0.144400,40.954197,-64.571358,31.490536
396,1509705367,176.722336,63.777905,-24.900333,-2.642570,0.016490,0.205831,44.886837,-70.385109,33.660301
397,1509722034,176.280899,65.028885,-26.164970,-2.804600,-0.471825,0.355347,43.393166,-77.906105,27.919497
398,1509738701,175.526855,66.283249,-27.763069,-2.641128,-0.556734,0.567967,43.575638,-78.869888,33.827805
399,1509755368,174.540726,67.407043,-29.616693,-2.298690,-0.705221,0.436352,44.539158,-71.936188,37.502441
400,1509772035,173.198990,68.614258,-31.786270,-1.788104,-1.091242,0.315298,41.654202,-78.190308,40.496216
401,1509788702,171.398758,69.744804,-34.441254,-1.129211,-1.400131,0.183134,42.343136,-75.767204,46.785389
402,1509805369,169.166702,70.886200,-37.488903,-0.423728,-1.721829,-0.243986,39.707085,-78.852798,48.909389
403,1509822036,166.389359,71.969025,-41.016743,0.126249,-2.112337,-0.664813,35.469177,-78.716187,51.890202
404,1509838703,162.917908,72.914116,-45.146111,0.170070,-2.395478,-0.899133,29.396633,-75.409752,56.819672
405,1509855370,158.530075,73.769089,-50.094269,-0.074478,-2.488951,-0.853830,22.625692,-77.456367,63.140011
406,1509872037,153.022797,74.636543,-56.117325,-0.306381,-2.282189,-0.684559,18.781124,-88.739174,68.096840
407,1509888704,146.155060,75.660515,-63.510643,-0.203286,-2.101001,-0.885140,18.222935,-111.387909,66.696350
408,1509905371,137.973892,76.666946,-72.329773,0.006448,-1.856132,-1.678616,24.442194,-126.209396,62.430779
409,1509922038,129.528610,77.238205,-81.693497,-0.557106,-0.507384,-2.466883,42.101112,-116.149292,62.666111
410,1509938705,120.932953,77.398750,-91.305565,-0.626112,1.090834,-2.834117,48.418198,-109.842766,64.842216
411,1509955372,112.819649,77.092995,-100.124207,0.507345,2.036568,-3.096607,30.749849,-96.828468,68.801651
412,1509972039,106.781715,76.308105,-106.637146,1.703225,1.826137,-3.283451,19.476616,-69.609543,74.403000
413,1509988706,103.641701,75.119362,-110.227974,2.291389,0.836615,-2.822701,21.823517,-33.593315,82.473404
414,1510005373,101.494446,73.794197,-112.929543,1.966051,-0.680127,-1.240654,28.761948,-26.101322,86.773102
415,1510022040,99.336838,72.618179,-115.835327,1.041916,-1.145916,0.534096,38.880699,-37.798389,78.221779
416,1510038707,97.792625,71.751839,-117.947891,0.872117,-1.058955,1.042843,29.451553,-31.620253,56.910484
417,1510055374,96.816238,71.243904,-119.033630,0.204895,-0.465165,0.958969,4.608419,-17.648298,32.595757
418,1510072041,95.521889,70.990669,-119.914268,0.765060,-1.537935,1.560378,-26.245922,-16.387218,16.684000
419,1510088708,94.031410,70.856461,-120.700089,1.474237,-2.278869,1.901507,-43.448074,-15.708187,9.047263
420,1510105375,92.609131,70.836334,-121.329994,2.375391,-1.116756,1.630042,-48.222504,-13.334693,1.658392
421,1510122042,91.121498,70.989403,-121.938385,3.148138,0.851314,0.895407,-53.349224,-13.258662,-9.054035
422,1510138709,89.996811,71.279579,-122.145958,3.114969,2.606889,0.109915,-54.284641,-5.230109,-17.627708
423,1510155376,89.362610,71.626617,-121.788338,2.989891,3.254437,-0.542808,-56.986740,5.906885,-21.033976
424,1510172043,89.081154,71.993820,-121.103966,2.730921,2.758481,-1.109071,-54.478306,12.079315,-22.093464
425,1510188710,89.270264,72.338959,-120.037888,2.571962,2.048562,-1.108945,-48.146866,18.849133,-20.657301
426,1510205377,89.647224,72.696991,-118.872208,2.680273,1.800506,-0.363070,-42.685570,20.173855,-21.506893
427,1510222044,90.298996,73.158310,-117.563591,2.834026,1.809166,0.334496,-34.540329,22.021084,-27.884066
428,1510238711,91.200874,73.739784,-116.142685,2.500625,1.812563,0.393454,-26.205349,22.781778,-35.415844
429,1510255378,92.209106,74.419006,-114.704521,2.323031,1.620960,-0.284141,-21.081253,21.398029,-41.644161
430,1510272045,93.662300,75.140244,-112.912254,2.441258,1.665784,-0.923126,-15.168223,24.926035,-44.858616
431,1510288712,95.699997,75.853073,-110.656929,2.400542,1.979849,-1.062564,-7.342330,29.229490,-45.578808
432,1510305379,98.370354,76.516396,-107.910378,2.577471,1.946015,-0.946851,1.600113,33.120071,-44.496426
433,1510322046,101.945381,77.073624,-104.455902,2.662425,1.691799,-0.739202,14.112827,39.644207,-41.429222
434,1510338713,106.389107,77.497513,-100.305061,2.509928,1.254201,-0.774411,25.076696,45.849968,-38.234100
435,1510355380,111.363182,77.788315,-95.688118,2.070296,0.502786,-1.011472,29.246290,49.372768,-35.839184
436,1510372047,116.567696,77.967285,-90.763214,1.459525,-0.349100,-1.293991,24.752687,51.256443,-35.173306
437,1510388714,121.885056,78.036797,-85.566422,1.188608,-1.172571,-1.385663,15.436658,53.438213,-35.442604
438,1510405381,127.394379,77.971962,-80.008644,1.151960,-1.671242,-1.330068,5.762805,58.130054,-36.353916
439,1510422048,133.189896,77.727715,-74.049522,1.006223,-1.784196,-1.278531,-0.420057,65.757004,-37.656700
440,1510438715,139.077988,77.281876,-67.947464,1.071502,-1.584795,-1.363770,-2.779365,73.039520,-38.749264
441,1510455382,144.955673,76.566269,-61.845253,1.540817,-1.421161,-1.564318,-2.603725,83.661690,-39.053043
442,1510472049,150.788208,75.541756,-55.881985,1.351329,-1.330780,-1.952707,4.072993,96.732079,-40.530182
443,1510488716,156.496384,74.189857,-50.159779,0.737748,-1.363155,-2.421976,12.427052,111.274010,-44.504944
444,1510505383,161.702438,72.527306,-44.940327,-0.439319,-1.658601,-2.386117,13.667933,123.975914,-48.395805
445,1510522050,165.914581,70.685501,-40.487450,-2.148294,-1.878107,-1.632846,0.570350,128.447495,-50.341579
446,1510538717,169.088638,68.877922,-36.722603,-3.306735,-1.960472,-0.588465,-20.146469,121.618744,-52.944767
447,1510555384,171.422775,67.216278,-33.468346,-3.695396,-1.588636,0.152471,-39.645988,109.479561,-55.270313
448,1510572051,172.922272,65.778008,-30.809200,-3.232706,-0.918980,0.570123,-54.923534,93.048302,-51.489670
449,1510588718,173.614807,64.613823,-28.929512,-2.867311,-0.128868,1.304121,-59.392334,73.828262,-39.013985
450,1510605385,173.504517,63.810150,-28.029985,-3.097439,0.862115,2.530515,-53.777229,49.475842,-18.140608
451,1510622052,172.895401,63.323902,-27.906334,-3.946915,2.268259,3.228170,-41.749763,28.297146,-0.041557
452,1510638719,172.662155,63.358475,-27.921379,-3.881508,1.879292,3.764061,-11.747463,-3.160455,-0.074149
453,1510655386,172.555817,63.247410,-28.386320,-4.658352,1.702751,3.548620,19.984112,3.953539,13.072755
454,1510672053,172.237045,63.166218,-29.262323,-4.969450,0.867770,2.422971,29.230043,0.664685,23.915640
455,1510688720,171.554779,63.393234,-30.608784,-4.731213,0.234243,1.446238,32.663597,-19.623732,33.825657
456,1510705387,170.605576,63.913467,-32.254765,-4.132384,0.343704,0.568723,32.991211,-38.637897,38.241688
457,1510722054,169.699905,64.758873,-33.888893,-3.369544,0.443695,-0.138509,35.478424,-58.233360,32.943600
458,1510738721,169.004639,65.874657,-35.455757,-2.802016,0.106982,-0.185034,45.151367,-74.035553,25.993050
459,1510755388,168.214783,67.061165,-37.318581,-2.625006,0.078781,0.606887,56.525642,-79.581253,29.463709
460,1510772055,167.021698,68.277122,-39.772095,-2.534024,0.508413,1.045063,66.040161,-84.219376,38.765446
461,1510788722,165.395767,69.504105,-42.800541,-1.982439,0.484283,0.711736,73.405975,-88.052986,45.776798
462,1510805389,163.458755,70.658760,-46.264614,-1.404709,0.044697,-0.181076,80.647217,-86.686821,49.384502
463,1510822056,161.195145,71.784103,-50.042194,-1.057719,-0.851865,-1.244153,80.225975,-87.425026,48.790127
464,1510838723,158.257141,72.832260,-54.449409,-0.912999,-1.531206,-1.505484,77.108185,-87.763779,53.356842
465,1510855390,154.354446,73.703049,-59.713051,-0.900855,-1.587196,-1.281469,69.750221,-85.298622,62.022339
466,1510872057,149.276855,74.513596,-66.033836,-0.848454,-1.593366,-0.832483,61.576717,-92.803467,68.314224
467,1510888724,143.069183,75.208229,-73.391205,-0.503455,-1.697049,-0.515251,55.144341,-99.676880,72.307228
468,1510905391,135.988922,75.727882,-81.529411,-0.464190,-1.631969,-0.514654,49.346272,-104.107094,72.694664
469,1510922058,127.894325,76.102875,-90.543419,-0.772877,-1.520247,-0.587291,40.410984,-113.784843,70.941986
470,1510938725,118.719368,76.318649,-100.470032,-0.696840,-1.270862,-0.870948,29.446466,-126.575020,66.818420
471,1510955392,110.637177,76.090569,-109.031143,0.477518,-1.020787,-2.350677,15.409974,-106.493225,63.234779
472,1510972059,105.924187,75.271820,-113.936111,1.224999,-0.478389,-3.424670,3.826329,-54.690857,69.161034
473,1510988726,102.319351,74.172356,-117.566460,1.709040,0.099237,-3.161940,-4.718692,-40.563393,77.676598
474,1511005393,98.804237,73.008270,-121.089417,1.962509,0.044146,-2.123607,-6.697589,-46.898724,79.309601
475,1511022060,95.371078,71.915802,-124.697998,2.092017,-0.146390,-0.988041,1.897542,-57.654877,72.801422
476,1511038727,93.609985,71.109200,-126.663948,2.478733,-0.333461,-0.220473,7.623614,-34.504421,50.907894
477,1511055394,92.999763,70.677231,-127.479935,2.545398,-0.798788,0.537397,11.074313,-15.517782,26.547823
478,1511072061,92.749878,70.450508,-127.822006,2.113283,-0.796868,0.888187,5.779914,-7.156719,13.678802
479,1511088728,92.653740,70.247009,-127.744637,2.240759,-0.693308,0.858834,-8.728749,1.112610,11.871630
480,1511105395,92.969482,70.088196,-127.152184,1.944148,0.351059,0.851210,-13.080960,11.486740,8.677997
481,1511122062,93.659752,70.005219,-126.116425,2.328454,1.926804,-0.062303,-15.590578,20.430347,3.499504
482,1511138729,94.537315,70.029701,-124.826546,3.073142,2.737137,-1.048890,-18.666447,25.243702,-3.590196
483,1511155396,95.812874,70.090103,-123.174446,3.346918,2.418056,-1.039202,-15.242061,32.308041,-6.887120
484,1511172063,96.863922,70.260429,-121.821945,3.169618,1.485388,-0.167909,-11.871383,25.190176,-13.413722
485,1511188730,98.407974,70.532173,-120.140587,3.072908,1.188026,1.112093,-0.979678,30.341354,-20.863220
486,1511205397,99.860306,71.000404,-118.594299,2.975798,1.191730,1.233954,0.945934,24.674065,-32.792057
487,1511222064,101.262665,71.599754,-117.127037,3.258521,1.115307,0.909498,2.162708,20.110529,-40.716640
488,1511238731,102.787270,72.265221,-115.557594,3.114190,0.963682,0.346363,3.351495,19.196455,-45.321781
489,1511255398,104.631683,72.981888,-113.692337,2.634170,0.776637,-0.126711,5.251997,21.227085,-49.876720
490,1511272065,107.097595,73.704170,-111.211952,2.223879,0.686930,-0.501350,6.769223,28.131054,-53.517418
491,1511288732,110.089073,74.413612,-108.157143,1.937950,0.517720,-0.861566,4.644338,33.079369,-56.555813
492,1511305399,113.499237,75.103081,-104.597839,1.637804,0.180196,-1.114553,-0.037459,35.707008,-59.404110
493,1511322066,117.328362,75.749535,-100.520103,1.345419,-0.069418,-1.267017,-5.654198,37.894913,-61.595718
494,1511338733,121.541084,76.322899,-95.935707,1.291242,-0.077329,-1.208486,-12.779520,39.830677,-62.718090
495,1511355400,126.343628,76.758453,-90.654510,1.318951,0.024896,-1.164967,-18.630318,45.517487,-62.993195
496,1511372067,131.697922,76.992599,-84.744301,1.327583,0.234716,-1.338428,-22.695572,52.626881,-61.739323
497,1511388734,137.653503,76.951691,-78.184822,1.444069,0.230054,-1.667406,-24.720005,63.702839,-60.769909
498,1511405401,144.249146,76.605873,-71.002556,1.594113,-0.004663,-1.964735,-22.398350,77.058472,-63.612625
499,1511422068,151.364517,75.848381,-63.343742,1.709855,-0.496105,-2.159122,-18.048389,95.538696,-68.524254
500,1511438735,158.260056,74.634369,-55.973148,1.685538,-0.963800,-2.168750,-12.570903,112.609108,-71.110306
501,1511455402,164.082535,73.083000,-49.779774,1.227027,-1.630220,-2.135561,-6.255107,120.212822,-67.903442
502,1511472069,168.405014,71.363815,-45.196903,0.370451,-1.999510,-1.749652,-1.134674,118.976204,-57.183380
503,1511488736,171.827805,69.808136,-41.327774,-0.801446,-1.446931,-1.811822,-12.199967,104.048569,-60.166332
504,1511505403,174.923981,68.082138,-37.718311,-0.868612,-1.118225,-1.054665,-14.957047,110.692871,-65.512985
505,1511522070,177.793335,65.993820,-34.232803,-1.824407,-0.283886,-0.353544,-19.017256,129.073792,-73.638054
506,1511538737,-179.385788,63.865643,-30.758886,-3.360605,-0.086170,-0.665536,-18.161564,127.753952,-86.711769
507,1511555404,-176.687119,61.568958,-27.307407,-4.348961,-0.326631,-1.343956,-20.750893,133.321869,-99.768723
508,1511572071,-174.428497,59.397285,-23.950378,-4.878933,-0.681676,-0.787725,-38.366611,121.093872,-109.210266
509,1511588738,-172.986694,57.889462,-20.984974,-3.602750,-2.003645,1.831563,-64.004158,78.683670,-102.132370
510,1511605405,-172.581207,56.512257,-19.079573,-3.025830,-2.934345,4.282166,-70.327347,73.130989,-72.020851
511,1511622072,-172.828735,55.426739,-17.995510,-4.635370,-1.754834,4.693716,-67.303894,58.926510,-44.589359
512,1511638739,-173.228683,54.964577,-17.061174,-5.173490,-0.330397,4.128440,-68.568237,22.597799,-35.345127
513,1511655406,-173.600372,54.990044,-16.191883,-4.772482,0.834693,3.456297,-63.553680,-5.979722,-29.784082
514,1511672073,-174.013290,55.205067,-15.588862,-3.804098,1.355028,2.195134,-52.985714,-16.075495,-19.415432
515,1511688740,-174.476898,55.583805,-15.439916,-3.372450,1.399163,0.918870,-33.709694,-24.123199,-2.998049
516,1511705407,-174.922165,56.155514,-15.711447,-3.309073,1.189992,0.422111,-11.772130,-34.307079,12.044350
517,1511722074,-175.344574,56.859154,-16.279366,-3.345975,0.739106,0.694238,4.532606,-41.458897,22.090940
518,1511738741,-175.797546,57.667412,-17.059263,-3.137285,0.182625,1.009717,13.639700,-47.375530,28.747152
519,1511755408,-176.382263,58.583645,-18.085627,-2.359826,-0.405173,0.971205,18.672945,-53.599632,35.961185
520,1511772075,-177.123077,59.621513,-19.378609,-1.828209,-0.614326,0.521767,23.580912,-60.880066,43.067139
521,1511788742,-178.070038,60.779388,-20.950987,-1.395766,-0.574755,0.185874,26.512354,-68.404861,49.522362
522,1511805409,-179.294632,62.035236,-22.870312,-1.165826,-0.519201,0.000022,29.106924,-75.017517,56.592339
523,1511822076,179.116196,63.445580,-25.172817,-0.895327,-0.650302,-0.207290,28.926903,-85.666435,62.899376
524,1511838743,177.341171,64.995689,-27.644682,-0.289136,-1.424239,-0.433179,28.522844,-95.897057,61.351357
525,1511855410,174.994919,66.730873,-30.655958,-0.167306,-1.873708,-0.035972,25.587538,-109.747581,66.506973
526,1511872077,172.091263,68.530655,-34.208153,-0.055980,-1.880357,-0.046532,24.365999,-117.338882,68.199799
527,1511888744,168.588272,70.374992,-38.363167,0.333911,-1.769268,-0.658856,24.757128,-124.677055,67.428116
528,1511905411,164.227646,72.197365,-43.397781,0.391256,-1.059971,-1.205367,25.978378,-129.925964,68.246056
529,1511922078,158.535324,73.962402,-49.792850,0.301268,-0.061116,-1.891852,27.083107,-136.819412,71.758781
530,1511938745,151.323029,75.447899,-57.710236,0.439250,0.751527,-2.398445,27.015186,-134.585327,75.478287
531,1511955412,142.905807,76.397629,-66.824890,0.624794,1.001648,-2.495907,26.948801,-120.841537,80.482430
532,1511972079,133.634628,76.728714,-76.764275,0.538108,0.702309,-1.888075,25.288212,-107.885811,89.861755
533,1511988746,124.041687,76.583473,-87.018051,0.070909,0.740000,-1.521885,24.565508,-106.002632,95.434502
534,1512005413,115.096886,76.077438,-96.403679,0.201478,1.216769,-1.769300,12.008385,-101.680038,91.664627
535,1512022080,108.310310,75.333405,-103.291283,1.525287,0.826348,-2.212033,-5.271237,-79.256577,78.852379
536,1512038747,104.312576,74.399208,-107.275482,2.464890,-0.170269,-2.087500,-7.650348,-45.143188,71.037163
537,1512055414,101.195755,73.436295,-110.652092,2.565315,-0.684510,-1.396849,9.097734,-42.976089,68.461189
538,1512072081,98.705650,72.613777,-113.671028,1.615611,0.522221,-0.578595,25.262274,-44.557232,57.474644
539,1512088748,97.032394,71.925255,-115.797829,1.997704,1.531379,-0.031496,22.572657,-33.840157,45.990208
540,1512105415,96.382095,71.421631,-116.732018,2.822977,1.504494,0.291215,15.616050,-14.981204,31.828497
541,1512122082,96.179565,71.060165,-117.113510,3.367954,0.871458,0.647930,10.942378,-5.954569,22.127968
542,1512138749,96.147659,70.821838,-117.372665,3.094657,0.604028,0.929754,14.199735,-4.528665,14.535117
543,1512155416,95.807449,70.744179,-117.978569,2.880570,0.791578,0.880308,15.329745,-12.436087,5.657720
544,1512172083,95.664146,70.824669,-118.368721,2.658601,1.209601,0.643379,14.915489,-9.173917,-4.255414
545,1512188750,95.853951,71.072617,-118.298019,2.428921,1.284975,0.562183,8.790781,-1.143916,-15.149519
546,1512205417,96.294952,71.458420,-117.819603,2.503698,0.874282,0.683101,0.689143,5.686128,-24.196716
547,1512222084,96.916367,71.970467,-117.101944,2.991863,0.406546,0.598071,-2.192212,8.850330,-32.270950
548,1512238751,97.699196,72.597763,-116.247101,3.085726,0.269777,0.376330,-0.480625,9.652555,-39.509384
549,1512255418,98.756889,73.317421,-115.119164,2.895953,0.475863,0.043896,0.161073,12.404131,-45.759735
550,1512272085,100.142326,74.086586,-113.596207,2.448180,0.871668,-0.303578,-3.181193,16.667065,-49.917801
551,1512288752,101.880287,74.870811,-111.634872,2.371169,0.750493,-0.635198,-7.704798,20.868650,-52.373379
552,1512305419,104.328781,75.624527,-108.958260,2.431435,0.563395,-1.007911,-6.991193,28.516483,-53.477890
553,1512322086,107.480309,76.327637,-105.635384,2.943260,0.076262,-1.320277,-2.946745,33.838428,-53.968868
554,1512338753,111.735199,76.919014,-101.397713,3.080590,-0.229362,-1.597360,9.316871,42.432220,-53.309238
555,1512355420,117.095848,77.336693,-96.267609,2.563707,-0.160417,-1.573741,22.958570,50.997658,-51.295208
556,1512372087,122.997162,77.592644,-90.707451,1.652032,0.119091,-1.439912,29.804493,53.890778,-49.685547
557,1512388754,129.521774,77.647041,-84.530151,1.144860,0.249582,-1.425720,30.841053,61.035801,-49.762863
558,1512405421,136.643723,77.406952,-77.693192,0.995796,-0.034615,-1.599050,28.154409,73.410385,-50.141235
559,1512422088,143.987930,76.806793,-70.559479,0.933439,-0.334033,-1.932904,24.786158,87.519325,-50.663532
560,1512438755,151.102478,75.779831,-63.554379,1.008037,-0.785417,-2.284406,19.888639,104.222870,-51.141109
561,1512455422,157.671005,74.289780,-56.971798,1.130475,-0.964443,-2.444880,13.892027,123.460274,-53.496170
562,1512472089,163.365204,72.347237,-51.179859,0.813351,-1.247771,-2.416086,10.088205,141.901566,-55.348030
563,1512488756,167.891235,70.045258,-46.514118,-0.304301,-1.504957,-2.340011,7.891080,154.981918,-53.298824
564,1512505423,171.114456,67.528732,-42.888535,-1.858297,-1.917076,-1.819473,-8.059389,161.626358,-50.061996
565,1512522090,172.927490,65.052864,-40.052345,-4.567306,-2.079621,-0.770650,-45.649750,155.468460,-47.320004
566,1512538757,173.631149,62.810463,-37.447041,-5.270370,-2.664621,0.475928,-96.797050,140.535370,-52.664135
567,1512555424,173.942780,60.645149,-34.656723,-2.684962,-3.609369,1.372744,-127.333305,136.626434,-64.976479
568,1512572091,174.346848,58.698639,-31.679117,-0.880734,-3.072058,1.620415,-128.534470,124.273125,-78.038246
569,1512588758,174.649872,57.280849,-28.852844,-1.730175,-1.690343,1.041604,-124.172775,92.194893,-81.536278
570,1512605425,174.714828,56.401157,-26.347910,-2.592375,-0.382201,1.051284,-120.474373,59.091240,-77.183136
571,1512622092,174.657593,55.964935,-24.049280,-2.960355,0.756018,1.450449,-116.564026,32.099094,-74.230354
572,1512638759,174.632797,55.875050,-21.835804,-2.923588,1.469417,1.505484,-110.031677,11.258871,-73.820435
573,1512655426,174.502045,55.787079,-19.853619,-2.892655,1.922214,1.435315,-104.789589,10.533824,-66.223869
574,1512672093,174.483047,55.324219,-18.032562,-3.045397,2.172736,0.920501,-89.792198,32.537891,-59.075626
575,1512688760,174.023148,55.294952,-16.691746,-2.961147,2.212441,0.767537,-92.283401,5.308053,-45.603718
576,1512705427,173.971313,55.208286,-15.693965,-2.228609,1.830314,1.370144,-50.848534,7.724848,-33.611725
577,1512722094,174.183075,55.015274,-15.111608,-2.706813,1.430892,1.468497,-14.505407,12.575120,-18.902185
578,1512738761,174.395981,55.028008,-14.876526,-3.236351,0.693902,1.789491,2.665457,-0.956852,-8.337883
579,1512755428,174.264816,55.288502,-15.116899,-3.767527,0.251113,1.979635,5.416773,-17.359465,6.440847
580,1512772095,173.872818,55.823025,-15.673969,-3.474131,-0.307332,2.034650,5.494932,-34.834972,15.276011
581,1512788762,173.397827,56.481670,-16.474688,-3.076746,-0.510200,1.800002,12.852393,-43.214859,21.997730
582,1512805429,172.821671,57.362873,-17.446001,-2.724654,-0.221447,1.293408,15.714484,-57.272190,25.013233
583,1512822096,172.041824,58.486622,-18.712082,-2.409551,-0.270814,0.869322,19.036272,-73.108353,30.890135
584,1512838763,170.885025,59.863247,-20.400881,-2.149064,-0.555533,0.609965,19.067528,-90.337387,38.866203
585,1512855430,169.264145,61.388390,-22.620632,-1.845634,-0.901019,0.525722,20.277912,-102.334557,48.355694
586,1512872097,167.125336,63.020210,-25.379438,-1.590497,-1.135610,0.310408,19.575174,-112.553642,55.301189
587,1512888764,164.533875,64.812393,-28.634018,-1.180712,-1.377838,-0.084576,21.387703,-126.182388,56.696095
588,1512905431,161.059235,66.947258,-32.631729,-0.902702,-1.270946,-0.621651,11.949634,-152.221817,55.525475
589,1512922098,156.851929,69.141479,-37.483788,-0.126460,-1.409717,-0.906691,19.094498,-162.791733,54.091026
590,1512938765,151.914886,71.015602,-43.154461,-0.129380,-1.232780,-1.395279,25.184565,-152.324478,55.700851
591,1512955432,145.558334,72.741600,-50.162815,-0.361023,-1.097254,-1.484813,19.792757,-157.151093,57.840240
592,1512972099,137.310974,74.266411,-59.025246,-0.578809,-0.721854,-1.325107,16.593237,-166.319351,60.831306
593,1512988766,127.251862,75.354141,-69.552353,-0.651305,0.381778,-1.317998,7.606079,-166.960190,62.854782
594,1513005433,115.901794,75.930153,-81.236137,0.092886,1.619787,-1.597588,-0.269898,-166.813461,61.331718
595,1513022100,104.808014,75.925713,-92.599632,1.367341,2.528883,-2.845188,-2.704415,-156.041473,57.568836
596,1513038767,96.267982,75.474190,-101.524132,3.055696,2.345055,-4.071578,7.980008,-125.917938,50.470360
597,1513055434,91.831573,74.823586,-106.629410,4.548720,0.644709,-4.183002,31.349234,-76.494301,44.202312
598,1513072101,89.411736,74.132103,-110.047012,4.004507,-1.173380,-2.225388,53.817326,-55.382519,41.824482
599,1513088768,86.658356,73.490532,-113.862534,1.912706,-1.905787,0.172215,56.090183,-66.078751,36.027462
600,1513105435,85.200897,72.970612,-116.003281,0.948351,-1.961478,1.161998,36.959969,-40.163944,28.239893
601,1513122102,84.569046,72.675613,-116.914574,1.931766,-0.948562,0.514742,15.752275,-18.651007,15.944716
602,1513138769,84.751396,72.566734,-116.787453,3.797125,0.951084,-0.469235,5.070643,0.666244,6.470877
603,1513155436,85.989029,72.603760,-115.651428,4.169240,2.691750,-0.401889,10.641001,19.508926,-0.805956
604,1513172103,87.560287,72.795982,-114.277237,4.077826,3.130318,-0.088154,16.971334,24.117264,-10.361077
605,1513188770,89.616348,73.071182,-112.429283,3.513364,2.342376,-0.173063,18.770367,31.919666,-15.925772
606,1513205437,92.118408,73.315887,-110.041451,2.781723,1.387583,-0.124998,14.388825,40.171383,-15.510612
607,1513222104,94.617897,73.536369,-107.540527,2.653788,1.028059,0.019229,7.551733,40.921127,-15.923512
608,1513238771,97.329582,73.798759,-104.809441,2.640370,1.413292,-0.162773,6.860180,43.153862,-20.644684
609,1513255438,100.350151,74.103569,-101.802917,2.901749,2.354697,-0.484855,9.273355,45.426090,-25.925467
610,1513272105,103.808289,74.400078,-98.502121,3.104333,3.000778,-0.318748,18.278772,47.791313,-28.820927
611,1513288772,107.679054,74.639381,-95.006897,2.800241,2.887743,0.202950,31.543467,48.925068,-29.172588
612,1513305439,111.732124,74.829765,-91.466545,1.986540,1.937071,0.265168,39.656612,47.744637,-29.771011
613,1513322106,115.900604,74.996635,-87.850548,1.170089,0.745476,-0.242082,42.021603,46.561558,-32.114777
614,1513338773,120.063652,75.186165,-84.199158,0.546104,0.011918,-0.808283,39.463337,43.379559,-36.640362
615,1513355440,124.264610,75.393501,-80.417183,0.320964,-0.188363,-1.032201,33.974609,41.095402,-41.348789
616,1513372107,128.688095,75.537766,-76.312469,0.399562,-0.174004,-0.948282,28.401628,43.491280,-43.848827
617,1513388774,133.305878,75.532104,-71.895111,0.488998,-0.183246,-0.759933,21.817297,49.119217,-43.324726
618,1513405441,137.902313,75.373085,-67.433609,0.553396,-0.468502,-0.644626,18.072531,52.785717,-41.516750
619,1513422108,142.463013,75.092941,-63.034184,0.498143,-0.817452,-0.762567,19.788134,54.913486,-41.068066
620,1513438775,147.051804,74.688850,-58.698906,0.256529,-1.009738,-1.173254,25.596498,57.842667,-41.539822
621,1513455442,151.405914,74.193008,-54.684647,-0.198022,-0.893048,-1.513924,30.606419,57.529011,-40.449539
622,1513472109,155.376541,73.527618,-51.036507,-0.416178,-0.735708,-1.512060,29.363527,61.863079,-36.685146
623,1513488776,158.789398,72.659531,-47.919155,-0.708741,-0.599195,-1.078613,27.209183,68.073387,-29.983261
624,1513505443,161.523865,71.736771,-45.433521,-0.770558,-0.497300,-0.479981,23.467075,66.477776,-24.262564
625,1513522110,163.765106,70.893509,-43.419376,-0.316873,-0.553237,0.064917,21.396137,58.772141,-22.029058
626,1513538777,165.856918,70.093903,-41.656239,0.217504,-0.471930,0.683603,27.196960,54.489594,-21.688990
627,1513555444,167.911057,69.405006,-40.146839,-0.209774,-0.290164,1.157661,39.687241,46.302666,-21.318521
628,1513572111,169.847610,68.872398,-38.904835,-1.014789,-0.632414,1.089166,47.964867,35.412815,-20.044083
629,1513588778,171.435760,68.579147,-38.073437,-1.742396,-1.027051,0.495416,50.213387,19.244333,-15.168673
630,1513605445,172.531830,68.416595,-37.723305,-1.787039,-1.139263,-0.033458,47.630211,9.675547,-6.438895
631,1513622112,173.178726,68.225945,-37.786713,-1.367649,-1.041460,-0.001252,43.764023,10.123421,2.640566
632,1513638779,173.329849,68.074463,-38.224239,-1.663382,-0.626561,0.352369,34.851448,6.826464,10.590830
633,1513655446,173.378662,68.150742,-38.935287,-1.362331,-1.129355,0.830233,43.934845,-7.435540,15.085246
634,1513672113,173.716690,68.011528,-39.505516,-2.074284,-0.831684,0.461262,53.443432,5.818097,13.445013
635,1513688780,173.914383,68.082047,-40.025013,-2.198114,-0.556291,0.146771,42.191956,-6.504390,10.939919
636,1513705447,174.165283,68.269478,-40.381775,-1.582254,-1.301612,-0.486012,36.347939,-13.053390,6.554741
637,1513722114,174.039215,68.505280,-40.727440,-1.547751,-0.538488,-0.771823,13.145055,-15.892194,5.950320
638,1513738781,173.841339,68.917953,-40.889679,-0.846808,-0.725962,-0.455219,-1.375008,-26.030340,0.702795
639,1513755448,173.699890,69.051437,-41.035812,-0.849194,-0.405856,-0.050998,1.124430,-9.336355,2.055772
640,1513772115,173.562225,68.994743,-41.279411,-0.557267,-0.264429,0.145265,6.814881,1.765669,5.374986
641,1513788782,173.489151,68.983528,-41.476814,-0.343540,-0.178454,0.046535,8.102828,-0.840929,4.093403
642,1513805449,173.426971,68.969093,-41.702454,-0.491899,-0.190374,-0.120499,10.338947,-0.723930,4.721300
643,1513822116,173.055023,69.068642,-42.134190,-0.739217,-0.170347,-0.359667,3.300985,-8.054941,8.302649
644,1513838783,172.689987,69.239578,-42.504200,-0.902247,-0.604455,-0.600989,0.276726,-12.182931,6.361642
645,1513855450,172.296478,69.429207,-42.890015,-0.997564,-0.827801,-0.397923,-0.521565,-13.377318,6.403994
646,1513872117,171.949570,69.531548,-43.213207,-0.964318,-0.719230,-0.274329,-1.218038,-8.039381,5.680687
647,1513888784,171.756912,69.645531,-43.327599,-0.687954,-0.432008,-0.323441,-3.692290,-8.134315,1.187732
648,1513905451,171.733490,69.804924,-43.253429,-0.213785,-0.231800,-0.128550,-4.145392,-10.271107,-3.114301
649,1513922118,171.711197,69.998466,-43.210197,0.127028,-0.134733,-0.001739,-2.335982,-12.384426,-2.767479
650,1513938785,171.802628,70.241142,-43.176769,0.206291,-0.457810,-0.061337,5.036031,-15.335030,-2.976583
651,1513955452,171.690201,70.315224,-43.441040,-0.047668,-0.263558,-0.121077,9.609676,-6.194946,4.439496
